id,name,email,gender,grades
1,Velvet O'Corrane,vocorrane0@dedecms.com,Female,1.6
2,Maryanne Zannuto,mzannuto1@mayoclinic.com,Female,4.8
3,Leighton Estable,lestable2@businesswire.com,Male,3.5
4,Carlo Scott,cscott3@theguardian.com,Male,8.7
5,Adamo Skerritt,askerritt4@blogtalkradio.com,Male,4.1
6,Page Creenan,pcreenan5@imdb.com,Male,3.8
7,Calli Newns,cnewns6@virginia.edu,Female,8.5
8,Delcina Kelf,dkelf7@nytimes.com,Female,9.9
9,Nathanael Strudwick,nstrudwick8@usa.gov,Male,5.2
10,Randell Bevir,rbevir9@netscape.com,Male,8.4
11,Devondra Simnor,dsimnora@engadget.com,Female,5.5
12,Wini Honig,whonigb@flavors.me,Female,3.0
13,Chelsea Statton,cstattonc@reference.com,Female,1.2
14,Allyson Aleksandrov,aaleksandrovd@wufoo.com,Female,7.7
15,Binky Riddick,briddicke@myspace.com,Male,3.5
16,Merridie Orvis,morvisf@miibeian.gov.cn,Female,3.2
17,Pembroke Greeson,pgreesong@opensource.org,Male,1.8
18,Marvin Justham,mjusthamh@geocities.jp,Male,1.5
19,Linet Braycotton,lbraycottoni@list-manage.com,Agender,3.4
20,Mandie Philbrick,mphilbrickj@uiuc.edu,Female,7.7
21,Craig Chrismas,cchrismask@timesonline.co.uk,Male,6.8
22,Selene Gillani,sgillanil@sohu.com,Female,3.6
23,George Dumbleton,gdumbletonm@360.cn,Female,7.0
24,Antony Clegg,acleggn@delicious.com,Male,7.7
25,Alica Roblett,arobletto@imageshack.us,Female,4.5
26,Iorgo Oloman,iolomanp@auda.org.au,Male,8.2
27,Perkin Ellsworthe,pellswortheq@salon.com,Male,9.2
28,Ferdie Foran,fforanr@ovh.net,Male,9.1
29,Cynthy McWhan,cmcwhans@tripadvisor.com,Female,2.0
30,Kain Ivanichev,kivanichevt@so-net.ne.jp,Male,9.0
31,Tynan Pennicard,tpennicardu@cargocollective.com,Male,1.3
32,Michell Farraway,mfarrawayv@marketwatch.com,Female,7.7
33,Isak Botger,ibotgerw@trellian.com,Non-binary,8.8
34,Reggi Bummfrey,rbummfreyx@ow.ly,Female,1.9
35,Alvy Lantuff,alantuffy@blogger.com,Male,8.0
36,Vincents Wooff,vwooffz@disqus.com,Male,2.3
37,Martyn Dumphrey,mdumphrey10@hugedomains.com,Male,3.1
38,Rick Paradis,rparadis11@bloomberg.com,Male,7.6
39,Brewster Jugging,bjugging12@posterous.com,Male,9.7
40,Toinette Regenhardt,tregenhardt13@odnoklassniki.ru,Female,1.8
41,Shayla Carberry,scarberry14@mac.com,Female,3.3
42,Lorant Newcom,lnewcom15@theatlantic.com,Male,7.4
43,Maddie Foulis,mfoulis16@pcworld.com,Male,3.1
44,Dill Howcroft,dhowcroft17@biblegateway.com,Male,2.5
45,Lenci Macbane,lmacbane18@dot.gov,Male,4.4
46,Gawen Burdass,gburdass19@independent.co.uk,Male,7.0
47,Robinett Okell,rokell1a@upenn.edu,Female,3.7
48,Swen Rosellini,srosellini1b@soup.io,Male,7.3
49,Rodolph Benjamin,rbenjamin1c@t-online.de,Male,9.1
50,Wakefield Guilayn,wguilayn1d@barnesandnoble.com,Male,4.2
51,Antonetta Brigshaw,abrigshaw1e@loc.gov,Female,4.4
52,Teddi Turfrey,tturfrey1f@google.com.br,Female,4.9
53,Berenice Farden,bfarden1g@vistaprint.com,Female,9.2
54,Xylina Starsmeare,xstarsmeare1h@hugedomains.com,Female,2.5
55,Walden Glassard,wglassard1i@jiathis.com,Male,3.7
56,Ilaire Steptow,isteptow1j@netvibes.com,Male,8.5
57,Korella Spoole,kspoole1k@fema.gov,Female,6.9
58,Jamison Schimpke,jschimpke1l@reverbnation.com,Male,1.1
59,Rhianna Heliet,rheliet1m@wikipedia.org,Genderqueer,9.5
60,Madella Weddup,mweddup1n@mozilla.com,Female,8.8
61,Casey Powers,cpowers1o@infoseek.co.jp,Female,5.1
62,Jolie Lemerle,jlemerle1p@tripadvisor.com,Female,10.0
63,Bernardine Dunbabin,bdunbabin1q@symantec.com,Female,4.5
64,Erwin Gutch,egutch1r@jalbum.net,Male,4.3
65,Gaylord Marxsen,gmarxsen1s@vistaprint.com,Male,5.8
66,Celisse Duinkerk,cduinkerk1t@buzzfeed.com,Genderfluid,8.8
67,Jaquenetta Major,jmajor1u@comcast.net,Female,3.9
68,Odie Randall,orandall1v@washington.edu,Male,1.3
69,Sib Dmitrovic,sdmitrovic1w@dagondesign.com,Female,1.3
70,Miles Ellwand,mellwand1x@marketwatch.com,Male,6.7
71,Kalli Tuckwood,ktuckwood1y@themeforest.net,Female,9.1
72,Kahaleel Roadnight,kroadnight1z@list-manage.com,Male,2.5
73,Ottilie Sorley,osorley20@eventbrite.com,Female,1.3
74,Jean Durrell,jdurrell21@infoseek.co.jp,Male,6.8
75,Parsifal Liddle,pliddle22@utexas.edu,Male,3.1
76,Haywood Ortiga,hortiga23@wiley.com,Male,3.9
77,Nomi Anthiftle,nanthiftle24@gnu.org,Female,2.5
78,Janot Gander,jgander25@ox.ac.uk,Female,2.9
79,Pauly Parsons,pparsons26@360.cn,Male,8.8
80,Donavon Ellicombe,dellicombe27@adobe.com,Male,9.2
81,Reamonn Tonner,rtonner28@vk.com,Male,2.0
82,Lonna Crolla,lcrolla29@addthis.com,Female,4.2
83,Rhianna Gallymore,rgallymore2a@instagram.com,Female,4.9
84,Ruthann Tunnicliffe,rtunnicliffe2b@pbs.org,Female,5.6
85,Adiana Gullivent,agullivent2c@ucsd.edu,Female,7.5
86,Odette Stanyon,ostanyon2d@aboutads.info,Female,5.0
87,Evie Piser,episer2e@patch.com,Female,6.5
88,Gusty Ierland,gierland2f@yahoo.co.jp,Female,1.1
89,Dagny Allsobrook,dallsobrook2g@craigslist.org,Male,7.9
90,Gamaliel Dougliss,gdougliss2h@usgs.gov,Male,7.3
91,Traver Quigg,tquigg2i@guardian.co.uk,Bigender,8.1
92,Tiebout Linbohm,tlinbohm2j@4shared.com,Male,8.7
93,Joey Peto,jpeto2k@mozilla.com,Male,6.6
94,Enoch Jouhan,ejouhan2l@mayoclinic.com,Male,9.8
95,Calv Hearley,chearley2m@wordpress.org,Male,4.1
96,Kimberley Kleinlerer,kkleinlerer2n@sfgate.com,Female,6.7
97,Dame Broadbere,dbroadbere2o@businesswire.com,Male,6.6
98,Sylvan Simison,ssimison2p@istockphoto.com,Male,2.5
99,Renaud Leamon,rleamon2q@webs.com,Male,4.8
100,Chilton Arnely,carnely2r@time.com,Agender,3.3
